Spring,Summer,Fall,Winter
03/23/2022,06/22/2022,09/21/2022,12/21/2022
03/23/2023,06/22/2023,09/21/2023,12/21/2023
03/22/2024,06/21/2024,09/20/2024,12/20/2024
03/22/2025,06/21/2025,09/20/2025,12/20/2025
03/22/2026,06/21/2026,09/20/2026,12/20/2026
03/22/2027,06/21/2027,09/20/2027,12/20/2027
03/21/2028,06/20/2028,09/19/2028,12/19/2028
03/21/2029,06/20/2029,09/19/2029,12/19/2029
03/21/2030,06/20/2030,09/19/2030,12/19/2030
03/21/2031,06/20/2031,09/19/2031,12/19/2031
03/20/2032,06/19/2032,09/18/2032,12/18/2032
03/20/2033,06/19/2033,09/18/2033,12/18/2033
03/20/2034,06/19/2034,09/18/2034,12/18/2034
03/20/2035,06/19/2035,09/18/2035,12/18/2035
03/19/2036,06/18/2036,09/17/2036,12/17/2036
03/19/2037,06/18/2037,09/17/2037,12/17/2037
03/19/2038,06/18/2038,09/17/2038,12/17/2038
03/19/2039,06/18/2039,09/17/2039,12/17/2039
03/18/2040,06/17/2040,09/16/2040,12/16/2040
03/18/2041,06/17/2041,09/16/2041,12/16/2041
03/18/2042,06/17/2042,09/16/2042,12/16/2042
03/18/2043,06/17/2043,09/16/2043,12/16/2043
03/17/2044,06/16/2044,09/15/2044,12/15/2044
03/17/2045,06/16/2045,09/15/2045,12/15/2045
03/17/2046,06/16/2046,09/15/2046,12/15/2046
03/17/2047,06/16/2047,09/15/2047,12/15/2047
03/16/2048,06/15/2048,09/14/2048,12/14/2048
03/16/2049,06/15/2049,09/14/2049,12/14/2049
03/16/2050,06/15/2050,09/14/2050,12/14/2050
03/16/2051,06/15/2051,09/14/2051,12/14/2051
03/15/2052,06/14/2052,09/13/2052,12/13/2052
03/15/2053,06/14/2053,09/13/2053,12/13/2053
03/15/2054,06/14/2054,09/13/2054,12/13/2054
03/15/2055,06/14/2055,09/13/2055,12/13/2055
03/14/2056,06/13/2056,09/12/2056,12/12/2056
03/14/2057,06/13/2057,09/12/2057,12/12/2057
03/14/2058,06/13/2058,09/12/2058,12/12/2058
03/14/2059,06/13/2059,09/12/2059,12/12/2059
03/13/2060,06/12/2060,09/11/2060,12/11/2060
03/13/2061,06/12/2061,09/11/2061,12/11/2061
03/13/2062,06/12/2062,09/11/2062,12/11/2062
03/13/2063,06/12/2063,09/11/2063,12/11/2063
03/12/2064,06/11/2064,09/10/2064,12/10/2064
03/12/2065,06/11/2065,09/10/2065,12/10/2065
03/12/2066,06/11/2066,09/10/2066,12/10/2066
03/12/2067,06/11/2067,09/10/2067,12/10/2067
03/11/2068,06/10/2068,09/09/2068,12/09/2068
03/11/2069,06/10/2069,09/09/2069,12/09/2069
03/11/2070,06/10/2070,09/09/2070,12/09/2070
03/11/2071,06/10/2071,09/09/2071,12/09/2071
